{
  "description": "HIP-1614 HCS-Based Key Rotation (ENM-2) Examples",
  
  "key_rotation_config": {
    "token_id": "0.0.100001",
    "serial_num": 42,
    "hcs_topic_id": "0.0.200001",
    "max_concurrent_versions": 4,
    "default_transition_period_seconds": 604800,
    "post_quantum_enabled": true,
    "algorithm_preference": ["KYBER_768", "AES_256_GCM", "CHACHA20_POLY1305"]
  },
  
  "key_versions": [
    {
      "version": 1,
      "algorithm": "AES_256_GCM",
      "public_key_hash": "sha384:a1b2c3d4e5f6789012345678901234567890abcdef123456789012345678901234567890abcdef12345678",
      "created_at": "2025-01-01T00:00:00Z",
      "activated_at": "2025-01-01T00:00:00Z",
      "deprecated_at": "2025-03-01T00:00:00Z",
      "expires_at": "2025-04-01T00:00:00Z",
      "status": "DEPRECATED"
    },
    {
      "version": 2,
      "algorithm": "AES_256_GCM",
      "public_key_hash": "sha384:b2c3d4e5f6a7890123456789012345678901bcdef234567890123456789012345678901bcdef23456789",
      "created_at": "2025-02-15T00:00:00Z",
      "activated_at": "2025-03-01T00:00:00Z",
      "deprecated_at": null,
      "expires_at": null,
      "status": "ACTIVE",
      "previous_version_hash": "sha384:a1b2c3d4e5f6789012345678901234567890abcdef123456789012345678901234567890abcdef12345678"
    }
  ],
  
  "hcs_rotation_announcement": {
    "message_type": "KEY_ROTATION_ANNOUNCEMENT",
    "token_id": "0.0.100001",
    "serial_num": 42,
    "new_version": 3,
    "algorithm": "KYBER_768",
    "public_key_hash": "sha384:c3d4e5f6a7b8901234567890123456789012cdef345678901234567890123456789012cdef3456789a",
    "activation_time": "2025-06-01T00:00:00Z",
    "transition_period_seconds": 604800,
    "previous_version_hash": "sha384:b2c3d4e5f6a7890123456789012345678901bcdef234567890123456789012345678901bcdef23456789",
    "reason": "Scheduled quarterly rotation - upgrading to post-quantum"
  },
  
  "cryptographic_shred_request": {
    "message_type": "CRYPTO_SHRED_REQUEST",
    "token_id": "0.0.100001",
    "serial_num": 42,
    "target_versions": [1],
    "reason": "GDPR Article 17 - Right to erasure request",
    "requester": "0.0.67890",
    "evidence_hash": "sha384:d4e5f6a7b8c9012345678901234567890123def456789012345678901234567890123def456789ab"
  },
  
  "enm2_manifest_extension": {
    "version": "ENM-2",
    "name": "Healthcare Record with Key Rotation",
    "rotation_config": {
      "hcs_topic_id": "0.0.200001",
      "current_key_version": 2,
      "supported_algorithms": ["AES_256_GCM", "KYBER_768"]
    },
    "public": [
      {
        "name": "patient_summary.pdf",
        "cid": "QmPublicPatientSummary123",
        "mime": "application/pdf"
      }
    ],
    "private": [
      {
        "name": "full_medical_record.pdf",
        "cid": "QmEncryptedMedicalRecord456",
        "enc": "AES-256-GCM",
        "key_version": 2,
        "mime": "application/pdf",
        "sha384": "e5f6a7b8c9d0123456789012345678901234ef567890123456789012345678901234ef56789abc"
      }
    ]
  }
}
