{
  "description": "HIP-1617 Native Cross-Ledger Credential Service (NCLS) Examples",
  
  "attestor_registration": {
    "attestor_id": "0.0.300001",
    "name": "Global KYC Verification Services",
    "did": "did:hedera:mainnet:0.0.300001",
    "credential_types": [
      "KYC_BASIC",
      "KYC_ENHANCED",
      "ACCREDITED_INVESTOR",
      "BUSINESS_VERIFICATION"
    ],
    "stake_amount": 100000000000,
    "reputation_score": 9850,
    "total_issuances": 150000,
    "revocation_rate_bp": 12,
    "supported_chains": [
      { "chain": "HEDERA", "anchor_contract": null },
      { "chain": "ETHEREUM", "anchor_contract": "0x1234567890abcdef1234567890abcdef12345678" },
      { "chain": "POLYGON", "anchor_contract": "0xabcdef1234567890abcdef1234567890abcdef12" }
    ],
    "registered_at": "2024-01-15T00:00:00Z",
    "last_audit": "2025-01-10T00:00:00Z"
  },
  
  "credential_issuance": {
    "credential_id": "0.0.300001:cred-2025-00042",
    "credential_type": "KYC_ENHANCED",
    "issuer": "0.0.300001",
    "subject": "0.0.50001",
    "subject_did": "did:hedera:mainnet:0.0.50001",
    "claims_hash": "sha384:a1b2c3d4e5f6789012345678901234567890abcdef123456789012345678901234567890abcdef12345678",
    "issued_at": "2025-06-01T10:30:00Z",
    "expires_at": "2026-06-01T10:30:00Z",
    "revocable": true,
    "cross_chain_anchors": [
      {
        "chain": "ETHEREUM",
        "merkle_root": "0x9876543210fedcba9876543210fedcba9876543210fedcba9876543210fedcba",
        "block_number": 19500000,
        "anchor_tx": "0xabcd1234..."
      }
    ],
    "selective_disclosure": {
      "enabled": true,
      "disclosed_fields": ["country_of_residence", "over_18", "kyc_level"]
    }
  },
  
  "credential_claims_offchain": {
    "credential_id": "0.0.300001:cred-2025-00042",
    "claims": {
      "full_name": "[ENCRYPTED]",
      "date_of_birth": "[ENCRYPTED]",
      "country_of_residence": "US",
      "nationality": "[ENCRYPTED]",
      "government_id_verified": true,
      "address_verified": true,
      "over_18": true,
      "over_21": true,
      "kyc_level": "ENHANCED",
      "pep_check": "CLEAR",
      "sanctions_check": "CLEAR",
      "verification_date": "2025-06-01"
    },
    "storage_location": "ipfs://QmCredentialClaims123xyz",
    "encryption": {
      "algorithm": "AES-256-GCM",
      "key_distribution": "jwe"
    }
  },
  
  "verification_request": {
    "request_id": "ver-2025-00789",
    "verifier": "0.0.60001",
    "credential_id": "0.0.300001:cred-2025-00042",
    "required_claims": ["country_of_residence", "over_18", "kyc_level"],
    "purpose": "DeFi platform access verification",
    "chain_verification": {
      "chain": "ETHEREUM",
      "contract_address": "0x1234567890abcdef1234567890abcdef12345678",
      "merkle_proof_required": true
    }
  },
  
  "verification_response": {
    "request_id": "ver-2025-00789",
    "verified": true,
    "disclosed_claims": {
      "country_of_residence": "US",
      "over_18": true,
      "kyc_level": "ENHANCED"
    },
    "credential_status": "ACTIVE",
    "issuer_reputation": 9850,
    "cross_chain_proof": {
      "chain": "ETHEREUM",
      "merkle_proof": ["0xabc...", "0xdef...", "0x123..."],
      "root_verified": true,
      "block_number": 19500000
    },
    "zk_proof": {
      "type": "PLONK",
      "proof": "0x...",
      "public_inputs": ["over_18=true", "kyc_level>=ENHANCED"]
    }
  },
  
  "ai_agent_credential": {
    "credential_type": "AI_AGENT_AUTHORIZATION",
    "issuer": "0.0.300002",
    "subject": "0.0.70001",
    "claims": {
      "agent_type": "TRADING_BOT",
      "max_transaction_value": 10000000000,
      "authorized_operations": ["SWAP", "LIQUIDITY_PROVISION"],
      "restricted_operations": ["GOVERNANCE_VOTE", "LARGE_TRANSFER"],
      "human_oversight_account": "0.0.12345",
      "safety_limits_enabled": true
    },
    "hip1618_integration": {
      "tlgr_config_id": "0.0.70001:tlgr-config",
      "impact_level_mapping": {
        "SWAP": "LOW",
        "LIQUIDITY_PROVISION": "MEDIUM",
        "GOVERNANCE_VOTE": "HIGH"
      }
    }
  }
}
