{
  "description": "HIP-1613 Redeemable NFT Examples",
  
  "reserve_spec_examples": {
    "simple_coupon": {
      "irrevocable": true,
      "initial_balances": [
        { "asset": "HBAR", "amount": 50000000 }
      ],
      "partial_policy": { "mode": "PARTIAL_DENY" }
    },
    
    "gift_card_with_reload": {
      "irrevocable": true,
      "initial_balances": [
        { "asset": "HBAR", "amount": 100000000 }
      ],
      "topup_policy": {
        "mode": "TOPUP_ANY",
        "require_kyc_and_unfrozen": false
      },
      "partial_policy": {
        "mode": "PARTIAL_ALLOW",
        "min_decrement": [{ "asset": "HBAR", "amount": 10000000 }]
      }
    },
    
    "corporate_bond": {
      "irrevocable": true,
      "redemption_expiry": "2030-01-01T00:00:00Z",
      "initial_balances": [
        { "asset": "HBAR", "amount": 1000000000000 },
        { "asset": { "token_id": "0.0.456789" }, "amount": 100000000000 }
      ],
      "transfer_restricted": true,
      "default_beneficiary": "0.0.12345"
    },
    
    "community_jackpot": {
      "irrevocable": false,
      "initial_balances": [
        { "asset": "HBAR", "amount": 10000000 }
      ],
      "collection_pool_participation": true,
      "topup_policy": {
        "mode": "TOPUP_ANY",
        "collection_pool_enabled": true,
        "pool_allocation": "POOL_PRO_RATA_BY_RESERVE"
      }
    },
    
    "carbon_credit": {
      "irrevocable": true,
      "initial_balances": [
        { 
          "asset": { "token_id": "0.0.789012" },
          "amount": 1000000000
        }
      ],
      "transfer_restricted": true,
      "partial_policy": { "mode": "PARTIAL_DENY" }
    }
  },
  
  "loot_box_bundle": {
    "nft_id": {
      "shard_num": 0,
      "realm_num": 0,
      "token_num": 500001,
      "serial_num": 42
    },
    "bundle_spec": {
      "nft_transfers": [
        {
          "from": { "account_num": 123456 },
          "to": { "account_num": 0 },
          "token_num": 500002,
          "serial_num": 101
        },
        {
          "from": { "account_num": 123456 },
          "to": { "account_num": 0 },
          "token_num": 500002,
          "serial_num": 102
        },
        {
          "from": { "account_num": 123456 },
          "to": { "account_num": 0 },
          "token_num": 500003,
          "serial_num": 7
        }
      ],
      "fungible_transfers": [
        {
          "from": { "account_num": 123456 },
          "to": { "account_num": 0 },
          "token": { "token_num": 500010 },
          "amount": 50000000000
        },
        {
          "from": { "account_num": 123456 },
          "to": { "account_num": 0 },
          "token": { "token_num": 500011 },
          "amount": 10000000000
        }
      ],
      "memo": "Epic Loot Box - Contains: 2 weapons, 1 armor piece, 500 gold, 100 gems",
      "authorized_by": [
        { "account_num": 123456 }
      ]
    },
    "description": {
      "contents": [
        "Legendary Sword of Fire (NFT #500002:101)",
        "Epic Shield of Ice (NFT #500002:102)", 
        "Rare Dragon Armor (NFT #500003:7)",
        "500 Gold Tokens",
        "100 Gem Tokens"
      ],
      "rarity": "Epic",
      "estimated_value_hbar": 250
    }
  },
  
  "redemption_events": {
    "full_redemption": {
      "event_type": "ReserveRedeemed",
      "nft_id": { "token_num": 500001, "serial_num": 42 },
      "owner": { "account_num": 67890 },
      "beneficiary": { "account_num": 67890 },
      "transferred": [
        { "asset": "HBAR", "amount": 100000000 },
        { "asset": { "token_num": 456789 }, "amount": 50000000 }
      ],
      "pool_allocation_proof": "0x123abc...",
      "nft_burned": true,
      "consensus_timestamp": "2025-06-15T14:30:25.123456789Z"
    },
    
    "partial_redemption": {
      "event_type": "ReservePartiallyRedeemed",
      "nft_id": { "token_num": 500005, "serial_num": 10 },
      "owner": { "account_num": 11111 },
      "beneficiary": { "account_num": 22222 },
      "decremented": [
        { "asset": "HBAR", "amount": 25000000 }
      ],
      "remaining_balance": [
        { "asset": "HBAR", "amount": 75000000 }
      ],
      "nft_burned": false,
      "consensus_timestamp": "2025-06-15T15:45:30.987654321Z"
    }
  }
}
