{
  "description": "HIP-1616 Native Fractionalized Asset Governance (NFAG) Examples",
  
  "fractionalization_config": {
    "original_nft": {
      "token_id": "0.0.100001",
      "serial_num": 1
    },
    "fraction_token_id": "0.0.200001",
    "total_fractions": 10000,
    "fraction_decimals": 2,
    "governance_config": {
      "voting_mechanism": "QUADRATIC",
      "quorum_bp": 2000,
      "approval_threshold_bp": 5100,
      "voting_period_seconds": 604800,
      "min_proposal_threshold_bp": 100,
      "execution_delay_seconds": 172800
    },
    "buyout_config": {
      "enabled": true,
      "min_premium_bp": 1500,
      "buyout_voting_period_seconds": 1209600,
      "veto_threshold_bp": 3400,
      "counter_offer_enabled": true
    },
    "revenue_distribution": {
      "mode": "ON_RECEIVE",
      "min_distribution_amount": 10000000,
      "distribution_token_id": "HBAR"
    },
    "reserve_backing": {
      "hip1613_reserve_id": "0.0.100001:1",
      "reserve_amount": 100000000000,
      "irrevocable": true
    }
  },
  
  "proposal_example": {
    "proposal_id": "0.0.200001:prop-001",
    "proposer": "0.0.50001",
    "proposal_type": "PARAMETER_CHANGE",
    "title": "Increase Buyout Premium to 20%",
    "description": "Proposal to increase minimum buyout premium from 15% to 20% to better protect minority holders",
    "parameters": {
      "target_parameter": "buyout_config.min_premium_bp",
      "current_value": 1500,
      "proposed_value": 2000
    },
    "voting_start": "2025-06-01T00:00:00Z",
    "voting_end": "2025-06-08T00:00:00Z",
    "current_votes": {
      "for": 4500,
      "against": 2100,
      "abstain": 400
    },
    "quorum_reached": true,
    "status": "ACTIVE"
  },
  
  "buyout_offer": {
    "buyout_id": "0.0.200001:buyout-001",
    "bidder": "0.0.60001",
    "offer_per_fraction": 150000000,
    "total_offer": 1500000000000,
    "premium_bp": 2000,
    "appraised_value": 1250000000000,
    "voting_start": "2025-07-01T00:00:00Z",
    "voting_end": "2025-07-15T00:00:00Z",
    "votes": {
      "approve": 5200,
      "veto": 2800,
      "abstain": 500
    },
    "veto_threshold_reached": false,
    "status": "VOTING",
    "counter_offers": [
      {
        "counter_bidder": "0.0.60002",
        "offer_per_fraction": 160000000,
        "submitted_at": "2025-07-05T14:00:00Z"
      }
    ]
  },
  
  "revenue_distribution_event": {
    "distribution_id": "0.0.200001:dist-042",
    "source": "NFT rental income",
    "total_amount": 50000000000,
    "distribution_token": "HBAR",
    "recipients": [
      { "holder": "0.0.50001", "fractions": 2500, "amount": 12500000000 },
      { "holder": "0.0.50002", "fractions": 1500, "amount": 7500000000 },
      { "holder": "0.0.50003", "fractions": 1000, "amount": 5000000000 }
    ],
    "total_distributed": 50000000000,
    "distribution_time": "2025-06-15T12:00:00Z",
    "consensus_timestamp": "2025-06-15T12:00:05.123456789Z"
  },
  
  "quadratic_voting_example": {
    "description": "Quadratic voting weight calculation",
    "holder_balances": [
      { "holder": "0.0.50001", "fractions": 4000, "raw_votes": 4000, "quadratic_votes": 63 },
      { "holder": "0.0.50002", "fractions": 1000, "raw_votes": 1000, "quadratic_votes": 31 },
      { "holder": "0.0.50003", "fractions": 100, "raw_votes": 100, "quadratic_votes": 10 }
    ],
    "formula": "quadratic_votes = floor(sqrt(fractions))",
    "benefit": "Reduces plutocracy - large holders have diminished marginal voting power"
  }
}
