{
  "description": "HIP-1615 Verifiable Calculation Protocol (VCP) Examples",
  
  "calculator_registry_entry": {
    "calculator_id": "0.0.300001",
    "name": "NFT Royalty Distribution Calculator",
    "version": "1.0.0",
    "owner": "0.0.12345",
    "calculation_types": [
      "ROYALTY_SPLIT",
      "PRO_RATA_DISTRIBUTION",
      "TRAIT_WEIGHTED_ALLOCATION"
    ],
    "input_schema": {
      "type": "object",
      "properties": {
        "total_amount": { "type": "integer", "description": "Total amount in tinybars" },
        "recipients": {
          "type": "array",
          "items": {
            "type": "object",
            "properties": {
              "account_id": { "type": "string" },
              "weight_bp": { "type": "integer", "description": "Weight in basis points" }
            }
          }
        }
      }
    },
    "proof_types_supported": ["DETERMINISTIC_REPLAY", "MERKLE_PROOF"],
    "fee_schedule": {
      "base_fee_tinybars": 100000,
      "per_recipient_fee_tinybars": 1000
    },
    "registered_at": "2025-01-15T10:00:00Z",
    "audit_trail_topic": "0.0.400001"
  },
  
  "calculation_request": {
    "calculator_id": "0.0.300001",
    "calculation_type": "ROYALTY_SPLIT",
    "inputs": {
      "total_amount": 1000000000,
      "recipients": [
        { "account_id": "0.0.50001", "weight_bp": 5000 },
        { "account_id": "0.0.50002", "weight_bp": 3000 },
        { "account_id": "0.0.50003", "weight_bp": 2000 }
      ]
    },
    "proof_type": "DETERMINISTIC_REPLAY",
    "context": {
      "token_id": "0.0.100001",
      "transaction_id": "0.0.12345@1704067200.123456789"
    }
  },
  
  "calculation_response": {
    "calculator_id": "0.0.300001",
    "calculation_id": "calc-2025-001-xyz",
    "outputs": {
      "distributions": [
        { "account_id": "0.0.50001", "amount": 500000000, "percentage": "50.00%" },
        { "account_id": "0.0.50002", "amount": 300000000, "percentage": "30.00%" },
        { "account_id": "0.0.50003", "amount": 200000000, "percentage": "20.00%" }
      ],
      "total_distributed": 1000000000,
      "remainder": 0
    },
    "proof": {
      "type": "DETERMINISTIC_REPLAY",
      "calculator_version": "1.0.0",
      "input_hash": "sha384:f6a7b8c9d0e1234567890123456789012345f678901234567890123456789012345f6789abcd",
      "output_hash": "sha384:a7b8c9d0e1f2345678901234567890123456a789012345678901234567890123456a789abcde",
      "algorithm_hash": "sha384:b8c9d0e1f2a3456789012345678901234567b89012345678901234567890123456b789abcdef",
      "timestamp": "2025-06-15T14:30:00Z"
    },
    "verification_instructions": {
      "steps": [
        "1. Fetch calculator algorithm from IPFS: QmCalculatorAlgo123",
        "2. Hash inputs with SHA-384 and verify match",
        "3. Execute algorithm locally with identical inputs",
        "4. Compare output hash",
        "5. Verify timestamp from HCS topic 0.0.400001"
      ]
    }
  },
  
  "hip1613_integration_example": {
    "description": "Dynamic reserve valuation for NFT collection pool",
    "calculation_type": "POOL_ALLOCATION",
    "inputs": {
      "pool_balance": 10000000000,
      "allocation_mode": "TRAIT_WEIGHTED",
      "participating_serials": [
        { "serial": 1, "traits": { "rarity": "legendary" }, "base_reserve": 500000000 },
        { "serial": 5, "traits": { "rarity": "rare" }, "base_reserve": 100000000 },
        { "serial": 12, "traits": { "rarity": "common" }, "base_reserve": 50000000 }
      ],
      "trait_weights": {
        "legendary": 10000,
        "rare": 2500,
        "common": 1000
      }
    },
    "outputs": {
      "allocations": [
        { "serial": 1, "pool_share": 7407407407, "total_redemption_value": 7907407407 },
        { "serial": 5, "pool_share": 1851851852, "total_redemption_value": 1951851852 },
        { "serial": 12, "pool_share": 740740741, "total_redemption_value": 790740741 }
      ]
    }
  }
}
