{
  "description": "HIP-1619 Verifiable Content Chunking (VCC) Examples",
  
  "vcc_manifest": {
    "version": "VCC-1",
    "extends": "ENM-1",
    "name": "4K Ultra HD Documentary - Ocean Life",
    "description": "Full-length 4K documentary with streaming support",
    
    "content_metadata": {
      "total_size_bytes": 8589934592,
      "duration_seconds": 5400,
      "resolution": "3840x2160",
      "codec": "H.265/HEVC",
      "bitrate_kbps": 25000
    },
    
    "chunking_config": {
      "strategy": "FIXED_SIZE",
      "chunk_size_bytes": 4194304,
      "total_chunks": 2048,
      "hash_algorithm": "SHA-384"
    },
    
    "merkle_tree": {
      "root_hash": "sha384:a1b2c3d4e5f6789012345678901234567890abcdef123456789012345678901234567890abcdef12345678",
      "tree_height": 11,
      "leaf_count": 2048
    },
    
    "proof_sources": [
      {
        "provider": "ipfs",
        "base_url": "ipfs://QmOceanDocumentaryChunks/",
        "availability": 0.999,
        "regions": ["us-east", "eu-west", "ap-southeast"]
      },
      {
        "provider": "arweave",
        "base_url": "ar://abc123xyz/",
        "availability": 0.9999,
        "regions": ["global"]
      }
    ],
    
    "streaming_config": {
      "adaptive_bitrate": true,
      "quality_levels": [
        { "name": "4K", "bitrate_kbps": 25000, "resolution": "3840x2160" },
        { "name": "1080p", "bitrate_kbps": 8000, "resolution": "1920x1080" },
        { "name": "720p", "bitrate_kbps": 4000, "resolution": "1280x720" },
        { "name": "480p", "bitrate_kbps": 2000, "resolution": "854x480" }
      ],
      "seek_precision_seconds": 2
    },
    
    "chunks_sample": [
      {
        "index": 0,
        "offset_bytes": 0,
        "size_bytes": 4194304,
        "hash": "sha384:chunk0hash123456789...",
        "cid": "QmChunk0CID123..."
      },
      {
        "index": 1,
        "offset_bytes": 4194304,
        "size_bytes": 4194304,
        "hash": "sha384:chunk1hash987654321...",
        "cid": "QmChunk1CID456..."
      },
      {
        "index": 2047,
        "offset_bytes": 8585740288,
        "size_bytes": 4194304,
        "hash": "sha384:chunk2047hashfinal...",
        "cid": "QmChunk2047CIDfinal..."
      }
    ]
  },
  
  "cdc_chunking_example": {
    "description": "Content-Defined Chunking for deduplication",
    "strategy": "CONTENT_DEFINED",
    "cdc_config": {
      "algorithm": "RABIN",
      "window_size": 48,
      "min_chunk_size": 262144,
      "max_chunk_size": 8388608,
      "average_chunk_size": 1048576,
      "mask_bits": 20
    },
    "benefits": [
      "Efficient deduplication across similar files",
      "Only changed chunks need re-upload on updates",
      "Better compression ratios for similar content"
    ],
    "use_cases": [
      "Software distribution",
      "Document versioning",
      "Game asset updates"
    ]
  },
  
  "verification_flow": {
    "step_1_fetch_manifest": {
      "action": "Fetch VCC manifest from NFT metadata",
      "result": "Get merkle_root and chunk list"
    },
    "step_2_select_chunks": {
      "action": "Request chunks for playback position",
      "example": "Seeking to 45:00 requires chunks 540-560"
    },
    "step_3_verify_chunks": {
      "action": "For each chunk, verify SHA-384 hash",
      "example": {
        "chunk_index": 540,
        "expected_hash": "sha384:chunk540hash...",
        "computed_hash": "sha384:chunk540hash...",
        "verified": true
      }
    },
    "step_4_verify_merkle": {
      "action": "Verify chunk hashes in Merkle tree",
      "proof": {
        "leaf_index": 540,
        "leaf_hash": "sha384:chunk540hash...",
        "sibling_hashes": ["sha384:sibling1...", "sha384:sibling2..."],
        "computed_root": "sha384:a1b2c3d4...",
        "expected_root": "sha384:a1b2c3d4...",
        "verified": true
      }
    }
  },
  
  "partial_download_example": {
    "scenario": "User wants to preview first 5 minutes",
    "calculation": {
      "preview_duration_seconds": 300,
      "bitrate_kbps": 25000,
      "preview_size_bytes": 937500000,
      "chunks_needed": 224,
      "chunks_to_fetch": "0-223"
    },
    "verification": {
      "chunks_verified": 224,
      "merkle_proofs_checked": 224,
      "all_valid": true
    }
  },
  
  "hip1612_integration": {
    "description": "VCC extends ENM-1 for large encrypted files",
    "example": {
      "version": "VCC-1",
      "extends": "ENM-1",
      "private": [
        {
          "name": "exclusive_behind_scenes.mp4",
          "enc": "AES-256-GCM",
          "chunking": {
            "strategy": "FIXED_SIZE",
            "chunk_size_bytes": 4194304,
            "total_chunks": 512,
            "merkle_root": "sha384:encryptedroot..."
          },
          "proof_urls": [
            "ipfs://QmEncryptedChunks/",
            "ar://encryptedbackup/"
          ]
        }
      ]
    }
  }
}
