{
  "description": "HIP-1611 Governance Delegation Example",
  "delegation_record": {
    "delegator": "0.0.12345",
    "delegate": "0.0.67890",
    "scopes": [
      {
        "subject": {
          "token_id": "0.0.100001"
        },
        "nft_rule": {
          "mode": "TRAIT_BASED",
          "merkle_root": "0x3a7d8b9c2e1f4a5b6c7d8e9f0a1b2c3d4e5f6a7b8c9d0e1f2a3b4c5d6e7f8a9b",
          "max_per_serial_weight": 100,
          "max_per_account_weight": 1000,
          "valid_from": "2025-01-01T00:00:00Z",
          "valid_until": "2025-12-31T23:59:59Z",
          "proof_url": "ipfs://QmWeightMerkleTree123"
        }
      },
      {
        "subject": {
          "topic_id": "0.0.200001"
        }
      }
    ],
    "not_before": "2025-01-01T00:00:00Z",
    "expiry": "2025-12-31T23:59:59Z",
    "nonce": 1,
    "memo": "DAO governance delegation for 2025",
    "created_at": "2025-01-01T10:30:00Z"
  },
  "weight_calculation_examples": {
    "fungible_token": {
      "token_id": "0.0.100002",
      "balance": 1000000000000,
      "decimals": 8,
      "weight": 10000
    },
    "nft_count_mode": {
      "token_id": "0.0.100003",
      "nft_count": 5,
      "mode": "COUNT",
      "weight": 5
    },
    "nft_per_serial_mode": {
      "token_id": "0.0.100004",
      "serials": [
        { "serial": 1, "weight": 100 },
        { "serial": 42, "weight": 50 },
        { "serial": 99, "weight": 25 }
      ],
      "total_weight": 175
    },
    "nft_trait_based_mode": {
      "token_id": "0.0.100005",
      "serials": [
        {
          "serial": 7,
          "traits": { "rarity": "legendary", "element": "fire" },
          "weight": 100
        },
        {
          "serial": 15,
          "traits": { "rarity": "rare", "element": "water" },
          "weight": 25
        }
      ],
      "total_weight": 125
    }
  }
}
