{
  "description": "HIP-1620 Native Verifiable Mutability (NVM) Examples",
  
  "nvm_configuration": {
    "token_id": "0.0.100001",
    "mutability_enabled": true,
    "update_key": {
      "type": "THRESHOLD_KEY",
      "threshold": 2,
      "keys": [
        { "ed25519": "302a300506032b6570032100abc123..." },
        { "ed25519": "302a300506032b6570032100def456..." },
        { "ed25519": "302a300506032b6570032100789abc..." }
      ]
    },
    "hcs_audit_topic": "0.0.400001",
    "retention_policy": {
      "mode": "KEEP_LATEST_N",
      "keep_count": 10
    },
    "rollback_enabled": true,
    "permanent_lock_eligible": true,
    "created_at": "2025-01-01T00:00:00Z"
  },
  
  "content_version_history": {
    "token_id": "0.0.100001",
    "serial_num": 42,
    "current_version": 5,
    "versions": [
      {
        "version": 1,
        "content_hash": "sha384:v1hash123456789...",
        "metadata_uri": "ipfs://QmVersion1Content",
        "created_at": "2025-01-15T10:00:00Z",
        "created_by": "0.0.12345",
        "update_type": "INITIAL_MINT",
        "memo": "Initial artwork release"
      },
      {
        "version": 2,
        "content_hash": "sha384:v2hash234567890...",
        "metadata_uri": "ipfs://QmVersion2Content",
        "previous_hash": "sha384:v1hash123456789...",
        "created_at": "2025-02-01T14:30:00Z",
        "created_by": "0.0.12345",
        "update_type": "CONTENT_UPDATE",
        "memo": "Added animation effects"
      },
      {
        "version": 3,
        "content_hash": "sha384:v3hash345678901...",
        "metadata_uri": "ipfs://QmVersion3Content",
        "previous_hash": "sha384:v2hash234567890...",
        "created_at": "2025-03-15T09:00:00Z",
        "created_by": "0.0.12345",
        "update_type": "METADATA_UPDATE",
        "memo": "Updated attributes for marketplace compatibility"
      },
      {
        "version": 4,
        "content_hash": "sha384:v4hash456789012...",
        "metadata_uri": "ipfs://QmVersion4Content",
        "previous_hash": "sha384:v3hash345678901...",
        "created_at": "2025-04-20T16:45:00Z",
        "created_by": "0.0.12345",
        "update_type": "CONTENT_UPDATE",
        "memo": "Seasonal spring theme update"
      },
      {
        "version": 5,
        "content_hash": "sha384:v5hash567890123...",
        "metadata_uri": "ipfs://QmVersion5Content",
        "previous_hash": "sha384:v4hash456789012...",
        "created_at": "2025-06-01T11:00:00Z",
        "created_by": "0.0.12345",
        "update_type": "CONTENT_UPDATE",
        "memo": "Summer collection update with new effects"
      }
    ]
  },
  
  "content_update_transaction": {
    "transaction_type": "TokenUpdateNftContent",
    "token_id": "0.0.100001",
    "serial_num": 42,
    "new_metadata_uri": "ipfs://QmVersion6Content",
    "new_content_hash": "sha384:v6hash678901234...",
    "update_type": "CONTENT_UPDATE",
    "memo": "Fall collection - autumn colors"
  },
  
  "hcs_audit_event": {
    "topic_id": "0.0.400001",
    "sequence_number": 42567,
    "consensus_timestamp": "2025-06-01T11:00:05.123456789Z",
    "event": {
      "event_type": "CONTENT_UPDATED",
      "token_id": "0.0.100001",
      "serial_num": 42,
      "old_version": 4,
      "new_version": 5,
      "old_content_hash": "sha384:v4hash456789012...",
      "new_content_hash": "sha384:v5hash567890123...",
      "updater": "0.0.12345",
      "memo": "Summer collection update with new effects"
    }
  },
  
  "rollback_example": {
    "transaction_type": "TokenRollbackNftContent",
    "token_id": "0.0.100001",
    "serial_num": 42,
    "target_version": 3,
    "reason": "Reverting to stable version before seasonal updates",
    "result": {
      "previous_version": 5,
      "new_version": 6,
      "content_hash": "sha384:v3hash345678901...",
      "rollback_recorded": true
    }
  },
  
  "permanent_lock": {
    "transaction_type": "TokenLockNftContent",
    "token_id": "0.0.100001",
    "serial_num": 42,
    "lock_type": "PERMANENT",
    "reason": "Final edition - no further updates",
    "result": {
      "locked_at": "2025-12-31T23:59:59Z",
      "final_version": 10,
      "final_content_hash": "sha384:finalhash...",
      "mutability_status": "PERMANENTLY_LOCKED"
    }
  },
  
  "use_case_examples": {
    "evolving_digital_art": {
      "description": "Digital art that changes with seasons",
      "update_frequency": "QUARTERLY",
      "retention_policy": "KEEP_ALL",
      "example_updates": [
        "Winter theme with snow effects",
        "Spring theme with blooming flowers",
        "Summer theme with sunny animations",
        "Fall theme with autumn colors"
      ]
    },
    
    "game_character_progression": {
      "description": "RPG character that evolves with gameplay",
      "update_frequency": "ON_ACHIEVEMENT",
      "retention_policy": "KEEP_LATEST_N",
      "keep_count": 5,
      "example_updates": [
        "Level 1: Basic apprentice appearance",
        "Level 10: Gained first armor set",
        "Level 25: Unlocked rare weapon",
        "Level 50: Master wizard transformation"
      ]
    },
    
    "certificate_lifecycle": {
      "description": "Professional certificate with renewal history",
      "update_frequency": "ANNUAL",
      "retention_policy": "KEEP_ALL",
      "example_updates": [
        "Initial certification - 2025",
        "Annual renewal - 2026",
        "Specialty endorsement added - 2026",
        "Annual renewal - 2027"
      ]
    },
    
    "living_document": {
      "description": "Collaborative document with version control",
      "update_frequency": "ON_CHANGE",
      "retention_policy": "KEEP_ALL",
      "rollback_enabled": true,
      "example_updates": [
        "Initial draft v1.0",
        "Incorporated team feedback v1.1",
        "Major revision v2.0",
        "Final approved version v2.1"
      ]
    }
  },
  
  "hip1612_integration": {
    "description": "NVM with encrypted content via ENM-1",
    "example": {
      "version": "ENM-1",
      "nvm_enabled": true,
      "current_content_version": 5,
      "public": [
        {
          "name": "preview.jpg",
          "cid": "QmPreviewV5",
          "version": 5
        }
      ],
      "private": [
        {
          "name": "full_artwork.png",
          "cid": "QmEncryptedV5",
          "enc": "AES-256-GCM",
          "version": 5
        }
      ],
      "version_history_topic": "0.0.400001"
    }
  }
}
