{
  "description": "HIP-1618 Time-Locked Governance Revocation (TLGR) - AI Agent Safety Examples",
  
  "tlgr_configuration": {
    "config_id": "0.0.70001:tlgr-config",
    "agent_account": "0.0.70001",
    "owner_account": "0.0.12345",
    "enabled": true,
    "hcs_audit_topic": "0.0.400001",
    "impact_thresholds": {
      "LOW": {
        "max_amount_tinybars": 100000000,
        "delay_seconds": 300,
        "description": "Small transactions under 1 HBAR"
      },
      "MEDIUM": {
        "max_amount_tinybars": 10000000000,
        "delay_seconds": 3600,
        "description": "Medium transactions 1-100 HBAR"
      },
      "HIGH": {
        "max_amount_tinybars": 100000000000,
        "delay_seconds": 86400,
        "description": "Large transactions 100-1000 HBAR"
      },
      "CRITICAL": {
        "max_amount_tinybars": null,
        "delay_seconds": 604800,
        "description": "Any transaction over 1000 HBAR"
      }
    },
    "override_authority": {
      "type": "THRESHOLD_KEY",
      "threshold": 2,
      "keys": [
        { "account_id": "0.0.12345", "weight": 1 },
        { "account_id": "0.0.12346", "weight": 1 },
        { "account_id": "0.0.12347", "weight": 1 }
      ]
    },
    "veto_authority": {
      "type": "KEY_LIST",
      "keys": [
        { "account_id": "0.0.12345" }
      ]
    },
    "emergency_pause_enabled": true,
    "created_at": "2025-01-01T00:00:00Z"
  },
  
  "pending_action_low": {
    "action_id": "0.0.70001:action-001",
    "action_type": "CRYPTO_TRANSFER",
    "impact_level": "LOW",
    "agent_account": "0.0.70001",
    "transaction_body": {
      "transfers": [
        { "account_id": "0.0.80001", "amount": 50000000 }
      ],
      "memo": "Automated payment for service API"
    },
    "queued_at": "2025-06-15T14:00:00Z",
    "executable_at": "2025-06-15T14:05:00Z",
    "delay_seconds": 300,
    "status": "PENDING",
    "auto_classification": {
      "amount_triggered": true,
      "recipient_triggered": false,
      "frequency_triggered": false,
      "action_type_triggered": false
    }
  },
  
  "pending_action_critical": {
    "action_id": "0.0.70001:action-042",
    "action_type": "GOVERNANCE_VOTE",
    "impact_level": "CRITICAL",
    "agent_account": "0.0.70001",
    "transaction_body": {
      "topic_id": "0.0.500001",
      "vote_choice": "FOR",
      "proposal_id": "prop-2025-007",
      "voting_weight": 50000
    },
    "queued_at": "2025-06-15T14:00:00Z",
    "executable_at": "2025-06-22T14:00:00Z",
    "delay_seconds": 604800,
    "status": "PENDING_VETO_REVIEW",
    "auto_classification": {
      "amount_triggered": false,
      "recipient_triggered": false,
      "frequency_triggered": false,
      "action_type_triggered": true
    },
    "veto_deadline": "2025-06-21T14:00:00Z"
  },
  
  "revocation_event": {
    "action_id": "0.0.70001:action-042",
    "revoked_by": "0.0.12345",
    "authority_type": "OVERRIDE",
    "reason": "Proposal analysis shows potential governance attack",
    "revoked_at": "2025-06-16T10:30:00Z",
    "hcs_sequence_number": 1042567,
    "hcs_message": {
      "event_type": "ACTION_REVOKED",
      "action_id": "0.0.70001:action-042",
      "revoker": "0.0.12345",
      "reason_hash": "sha384:abc123...",
      "timestamp": "2025-06-16T10:30:05.123456789Z"
    }
  },
  
  "emergency_pause": {
    "pause_id": "0.0.70001:pause-001",
    "initiated_by": "0.0.12345",
    "reason": "Suspicious transaction pattern detected",
    "paused_at": "2025-06-20T08:00:00Z",
    "affected_actions": [
      "0.0.70001:action-100",
      "0.0.70001:action-101",
      "0.0.70001:action-102"
    ],
    "status": "PAUSED",
    "resume_requirements": {
      "min_signatures": 2,
      "required_signers": ["0.0.12345", "0.0.12346", "0.0.12347"]
    }
  },
  
  "hip_integrations": {
    "hip1611_governance": {
      "description": "TLGR protects delegated governance voting",
      "example": "AI agent with delegated voting power must wait 7 days for CRITICAL votes"
    },
    "hip1613_reserves": {
      "description": "TLGR protects reserve redemptions",
      "example": "Large redemptions require 24-hour delay for human review"
    },
    "hip1616_fractionalized": {
      "description": "TLGR protects fractional buyout offers",
      "example": "AI-initiated buyout offers require 7-day delay"
    }
  }
}
